{
  "model_name": "lstm_full",
  "model_type": "lstm",
  "init_lr": 0.001,
  "batch_size": 64,
  "frames_per_sample": 64,
  "frames_hop_size": 16,
  "frames_label": 64,
  "labels_remap": [
    "a",
    "b",
    "g",
    "l",
    "x"
  ],
  "label_classes": [
    "-",
    "a",
    "c",
    "m",
    "o",
    "p",
    "s"
  ],
  "label_weights": [
    0.0,
    0.01847200095653534,
    0.14454177021980286,
    0.011415710672736168,
    0.3745250701904297,
    0.004393564071506262,
    0.4466518759727478
  ],
  "lstm_params": {
    "input_dim": 23,
    "hidden_dim": 64,
    "num_layers": 2,
    "num_classes": 7
  },
  "normalization": {
    "train_mean": [
      -130.573974609375,
      38.73553466796875,
      -11.175643920898438,
      2.8217129707336426,
      -12.993803024291992,
      -7.174502372741699,
      -7.710968017578125,
      -5.323067665100098,
      -3.3520419597625732,
      -3.8548994064331055,
      -4.574920654296875,
      -5.012030124664307,
      -4.680143356323242,
      1383.357666015625,
      1166.3612060546875,
      14.69754695892334,
      17.73143196105957,
      25.905683517456055,
      30.787494659423828,
      33.89917755126953,
      36.39312744140625,
      31.423416137695312,
      57.25699234008789
    ],
    "train_std": [
      76.19271850585938,
      26.80633544921875,
      26.17059898376465,
      18.8367862701416,
      14.99142837524414,
      13.358938217163086,
      11.04257583618164,
      9.889763832092285,
      9.195079803466797,
      9.007472038269043,
      8.824520111083984,
      8.870595932006836,
      1.2296022176742554,
      1019.0413208007812,
      711.1531372070312,
      7.788589954376221,
      9.6426362991333,
      9.871379852294922,
      9.919723510742188,
      9.872377395629883,
      10.572511672973633,
      10.347200393676758,
      26.136133193969727
    ]
  },
  "model_data": {
    "train_splits": [],
    "train_groups": []
  }
}